{
  "n": 16,
  "total_strings": 65536,
  "min_coverage": 1,
  "max_coverage": 83,
  "mean_coverage": 49.618286,
  "mode_coverage": 49,
  "std_coverage": 13.451477,
  "distribution": {
    "1": 1,
    "2": 1,
    "3": 2,
    "4": 3,
    "5": 5,
    "6": 6,
    "7": 11,
    "8": 11,
    "9": 21,
    "10": 20,
    "11": 35,
    "12": 35,
    "13": 62,
    "14": 53,
    "15": 92,
    "16": 100,
    "17": 144,
    "18": 119,
    "19": 197,
    "20": 179,
    "21": 267,
    "22": 250,
    "23": 334,
    "24": 326,
    "25": 474,
    "26": 405,
    "27": 559,
    "28": 512,
    "29": 719,
    "30": 628,
    "31": 859,
    "32": 757,
    "33": 970,
    "34": 938,
    "35": 1117,
    "36": 1021,
    "37": 1366,
    "38": 1175,
    "39": 1454,
    "40": 1313,
    "41": 1581,
    "42": 1456,
    "43": 1732,
    "44": 1555,
    "45": 1830,
    "46": 1641,
    "47": 1851,
    "48": 1691,
    "49": 2085,
    "50": 1657,
    "51": 1871,
    "52": 1808,
    "53": 1913,
    "54": 1745,
    "55": 1982,
    "56": 1513,
    "57": 1781,
    "58": 1489,
    "59": 1712,
    "60": 1413,
    "61": 1661,
    "62": 1307,
    "63": 1235,
    "64": 1100,
    "65": 1202,
    "66": 961,
    "67": 1170,
    "68": 783,
    "69": 880,
    "70": 617,
    "71": 731,
    "72": 474,
    "73": 645,
    "74": 321,
    "75": 372,
    "76": 297,
    "77": 327,
    "78": 149,
    "79": 204,
    "80": 81,
    "81": 104,
    "82": 46,
    "83": 22
  },
  "computed_at": "2026-02-24T21:47:34.569372"
}