{
  "n": 12,
  "total_strings": 4096,
  "min_coverage": 1,
  "max_coverage": 47,
  "mean_coverage": 28.008545,
  "mode_coverage": 31,
  "std_coverage": 8.448007,
  "distribution": {
    "1": 1,
    "2": 1,
    "3": 2,
    "4": 3,
    "5": 5,
    "6": 6,
    "7": 11,
    "8": 11,
    "9": 21,
    "10": 20,
    "11": 35,
    "12": 36,
    "13": 61,
    "14": 40,
    "15": 72,
    "16": 70,
    "17": 98,
    "18": 76,
    "19": 127,
    "20": 102,
    "21": 154,
    "22": 121,
    "23": 159,
    "24": 140,
    "25": 201,
    "26": 152,
    "27": 183,
    "28": 157,
    "29": 210,
    "30": 152,
    "31": 213,
    "32": 153,
    "33": 177,
    "34": 136,
    "35": 157,
    "36": 120,
    "37": 170,
    "38": 81,
    "39": 103,
    "40": 61,
    "41": 97,
    "42": 44,
    "43": 74,
    "44": 20,
    "45": 44,
    "46": 11,
    "47": 8
  },
  "computed_at": "2026-02-24T21:47:19.591130"
}